-- phpMyAdmin SQL Dump
-- version 4.7.4
-- https://www.phpmyadmin.net/
--
-- Host: localhost
-- Generation Time: Apr 02, 2018 at 07:34 AM
-- Server version: 10.1.28-MariaDB
-- PHP Version: 7.1.11

SET SQL_MODE = "NO_AUTO_VALUE_ON_ZERO";
SET AUTOCOMMIT = 0;
START TRANSACTION;
SET time_zone = "+00:00";


/*!40101 SET @OLD_CHARACTER_SET_CLIENT=@@CHARACTER_SET_CLIENT */;
/*!40101 SET @OLD_CHARACTER_SET_RESULTS=@@CHARACTER_SET_RESULTS */;
/*!40101 SET @OLD_COLLATION_CONNECTION=@@COLLATION_CONNECTION */;
/*!40101 SET NAMES utf8mb4 */;

--
-- Database: `topshots`
--

-- --------------------------------------------------------

--
-- Table structure for table `comments`
--

CREATE TABLE `comments` (
  `commentID` smallint(8) NOT NULL,
  `gameID` smallint(8) NOT NULL,
  `username` varchar(32) NOT NULL,
  `playername` varchar(32) NOT NULL,
  `description` text NOT NULL
) ENGINE=InnoDB DEFAULT CHARSET=latin1;

-- --------------------------------------------------------

--
-- Table structure for table `gameDetail`
--

CREATE TABLE `gameDetail` (
  `gameID` smallint(8) NOT NULL,
  `playerName` varchar(32) NOT NULL,
  `points` smallint(6) NOT NULL,
  `assists` smallint(6) NOT NULL,
  `rebounds` smallint(6) NOT NULL,
  `playtime` smallint(6) NOT NULL
) ENGINE=InnoDB DEFAULT CHARSET=latin1;

--
-- Dumping data for table `gameDetail`
--

INSERT INTO `gameDetail` (`gameID`, `playerName`, `points`, `assists`, `rebounds`, `playtime`) VALUES
(1, 'Carmelo Anthony', 45, 4, 6, 46),
(1, 'Kristaps Porzingis', 15, 1, 5, 30),
(1, 'Joakim Noah', 6, 5, 14, 41),
(1, 'Brandon Jennings', 18, 11, 3, 53),
(1, 'Courtney Lee', 17, 2, 9, 52),
(1, 'Justin Holiday', 15, 2, 9, 36),
(1, 'Mindaugas Kuzminskas', 13, 4, 4, 36),
(1, 'Kyle O\'Quinn', 2, 1, 12, 26),
(1, 'Ron Baker', 8, 2, 1, 16),
(1, 'Guillermo Hernangomez', 0, 0, 0, 3),
(1, 'Paul Millsap', 37, 7, 19, 60),
(1, 'Tim Hardaway Jr.', 19, 8, 5, 58),
(1, 'Dwight Howard', 19, 1, 12, 38),
(1, 'Dennis Schroder', 23, 15, 4, 55),
(1, 'Kent Bazemore', 24, 0, 10, 50),
(1, 'Malcolm Delaney', 4, 2, 2, 22),
(1, 'Mike Dunleavy Jr.', 12, 1, 3, 22),
(1, 'Mike Muscala', 2, 2, 8, 22),
(1, 'Kris Humphries', 0, 0, 1, 10),
(1, 'Taurean Prince', 2, 0, 0, 4),
(2, 'Domantas Sabonis', 12, 0, 5, 26),
(2, 'Andre Roberson', 4, 0, 5, 23),
(2, 'Steven Adams', 7, 1, 10, 27),
(2, 'Victor Oladipo', 17, 4, 7, 38),
(2, 'Ressell Westbrook', 20, 10, 12, 36),
(2, 'Jarami Grant', 8, 1, 4, 25),
(2, 'Joffrey Lauvergne', 13, 1, 6, 21),
(2, 'Cameron Payne', 8, 2, 4, 20),
(2, 'Kyle Singler', 2, 0, 2, 16),
(2, 'Alex Abrines', 0, 1, 0, 8),
(2, 'Lebron James', 25, 8, 14, 37),
(2, 'Kevin Love', 1, 1, 8, 12),
(2, 'Tristan Thompson', 19, 1, 11, 34),
(2, 'Kyrie Irving', 29, 10, 3, 35),
(2, 'Iman Shumpert', 16, 1, 3, 34),
(2, 'Richard Jefferson', 8, 0, 4, 31),
(2, 'Kyle Korver', 3, 0, 0, 16),
(2, 'Channing Frye', 4, 1, 5, 15),
(2, 'Kay Felder', 0, 0, 0, 12),
(2, 'James Jones', 2, 0, 0, 11),
(2, 'DeAndre Liggins', 0, 0, 1, 2),
(2, 'Jordan MaRae', 0, 0, 1, 2),
(3, 'Paul George', 9, 3, 7, 33),
(3, 'Thaddeus Young', 12, 1, 5, 29),
(3, 'Myles Turner', 11, 3, 3, 32),
(3, 'Jeff Teague', 13, 9, 1, 34),
(3, 'C.J. Miles', 16, 0, 4, 21),
(3, 'Monta Ellis', 0, 4, 2, 21),
(3, 'Glenn Robinson', 14, 0, 7, 21),
(3, 'Lavoy Allen', 6, 1, 1, 19),
(3, 'AI Jefferson', 10, 3, 7, 16),
(3, 'Rodney Stuckey', 8, 1, 1, 14),
(3, 'Serge Ibaka', 20, 1, 9, 36),
(3, 'Aaron Gordon', 7, 1, 0, 32),
(3, 'Nikola Vucevic', 15, 5, 15, 38),
(3, 'Elfrid Payton', 11, 3, 6, 32),
(3, 'Evan Fournier', 12, 4, 1, 30),
(3, 'D.J. Augustin', 10, 2, 1, 21),
(3, 'C.J. Watson', 5, 1, 0, 19),
(3, 'Bismack Biyombo', 2, 0, 2, 17),
(3, 'Jeff Green', 6, 0, 1, 16),
(4, 'Andrew Wiggins', 23, 0, 2, 36),
(4, 'Gorgui Dieng', 2, 2, 6, 21),
(4, 'Karl-Anthony Towns', 26, 4, 12, 39),
(4, 'Ricky Rubio', 14, 13, 2, 38),
(4, 'Zack Lavine', 8, 4, 3, 37),
(4, 'Shabazz Muhammad', 16, 2, 6, 31),
(4, 'Nemanja Bjelica', 8, 0, 4, 20),
(4, 'Kris Dunn', 0, 0, 0, 10),
(4, 'Cole Aldrich', 2, 0, 0, 3),
(4, 'Tyus Jones', 0, 1, 0, 3),
(4, 'Adreian Payne', 0, 0, 1, 3),
(4, 'Lebron James', 27, 12, 8, 34),
(4, 'Channing Frye', 18, 1, 4, 22),
(4, 'Tristan Thompson', 18, 1, 14, 39),
(4, 'Kyrie Irving', 14, 14, 2, 31),
(4, 'Iman Shumpert', 9, 1, 7, 28),
(4, 'Richard Jefferson', 4, 1, 5, 28),
(4, 'Kyle Korver', 20, 2, 1, 24),
(4, 'Kyle Felder', 9, 3, 1, 17),
(4, 'James Jones', 2, 1, 2, 4),
(4, 'Jordan Mcrae', 4, 0, 2, 4),
(4, 'DeAndre Lggins', 0, 1, 2, 3),
(5, 'DeMarre Carroll', 6, 1, 6, 38),
(5, 'Patrick Patterson', 10, 0, 3, 21),
(5, 'Jonas Valanciunas', 3, 1, 3, 12),
(5, 'Kyle Lowry', 32, 5, 2, 38),
(5, 'Norman Powell', 12, 2, 5, 32),
(5, 'Lucas Nogueira', 10, 0, 5, 28),
(5, 'Cory Joseph', 8, 4, 1, 23),
(5, 'Terrence Ross', 6, 3, 6, 23),
(5, 'Jared Sullinger', 13, 1, 6, 16),
(5, 'Jakob Poeltl', 4, 0, 4, 9),
(5, 'Jae Crowder', 14, 1, 8, 34),
(5, 'Amir Johnson', 5, 0, 2, 15),
(5, 'AI Horford', 11, 6, 3, 32),
(5, 'Isaiah Thomas', 44, 7, 4, 38),
(5, 'Jaylen Brown', 8, 0, 1, 23),
(5, 'Marcus Smart', 10, 5, 5, 35),
(5, 'Terry Rozier', 5, 1, 7, 23),
(5, 'Jonas Jerebko', 6, 2, 3, 19),
(5, 'Tyler Zeller', 4, 1, 5, 16),
(5, 'Gerald Green', 2, 1, 1, 6),
(6, 'Tim Hardaway Jr.', 10, 2, 4, 26),
(6, 'Paul Millsap', 9, 2, 7, 24),
(6, 'Dwight Howard', 6, 1, 11, 25),
(6, 'Dennis Schroder', 12, 2, 1, 26),
(6, 'Kent Bazemore', 14, 1, 0, 23),
(6, 'DeAndre Bembry', 4, 3, 3, 22),
(6, 'Mike Dunleavy Jr.', 11, 0, 6, 20),
(6, 'Kris Humphries', 8, 0, 3, 16),
(6, 'Mike Muscala', 9, 0, 1, 14),
(6, 'Mike Scott', 0, 0, 1, 14),
(6, 'Lamar Patterson', 4, 0, 4, 12),
(6, 'Malcolm Delaney', 4, 1, 0, 11),
(6, 'Taurean Prince', 3, 1, 2, 6),
(6, 'Rodney McGruder', 2, 3, 5, 29),
(6, 'Luke babbitt', 8, 1, 8, 19),
(6, 'Hassan Whiteside', 18, 0, 18, 30),
(6, 'Goran Dragic', 27, 5, 5, 30),
(6, 'Dion Waiters', 20, 3, 7, 30),
(6, 'Tyler Johnson', 11, 5, 3, 32),
(6, 'Wayne Ellington', 7, 3, 2, 26),
(6, 'James Johnson', 16, 3, 2, 23),
(6, 'Willie Reed', 7, 0, 4, 18),
(6, 'Okaro White', 0, 0, 0, 3),
(7, 'Carmelo Anthony', 15, 0, 3, 27),
(7, 'Kristaps Porzings', 19, 1, 12, 26),
(7, 'Joakim Noah', 3, 0, 7, 13),
(7, 'Brandon Jennings', 6, 10, 3, 43),
(7, 'Courtney Lee', 7, 2, 4, 28),
(7, 'Justin Holiday', 7, 4, 4, 28),
(7, 'Guillermo Hernangomez', 16, 2, 16, 25),
(7, 'Sasha Vujacic', 12, 0, 2, 22),
(7, 'Mindaugas Kuzminskas', 9, 2, 5, 17),
(7, 'Kyle O\'Quinn', 0, 2, 2, 6),
(7, 'Ron baker', 1, 0, 0, 5),
(7, 'Rondae Hollis-Jefferson', 16, 3, 8, 30),
(7, 'Bojan Bogdanovic', 15, 0, 7, 29),
(7, 'Brook Lopez', 10, 1, 6, 31),
(7, 'Isaiah Whitehead', 4, 4, 4, 23),
(7, 'Randy Foye', 4, 0, 4, 17),
(7, 'Caris LeVert', 10, 2, 4, 27),
(7, 'Spencer Dinwiddie 3', 2, 0, 2, 19),
(7, 'Justin Hamiltion', 9, 0, 3, 19),
(7, 'Sean Kilpatrick', 4, 1, 3, 19),
(7, 'Trevor Booker', 12, 3, 8, 16),
(7, 'Joe Harris', 3, 1, 0, 9),
(8, 'Solomon Hill', 9, 1, 4, 35),
(8, 'Terrence Jones', 11, 0, 3, 27),
(8, 'Anthony Davis', 31, 2, 12, 41),
(8, 'Jrue Hiliday', 22, 11, 3, 35),
(8, 'Buddy Hield', 5, 1, 6, 21),
(8, 'E\'Twaun Moore', 9, 3, 2, 28),
(8, 'Dante Cunningham', 2, 2, 2, 22),
(8, 'Tyreke Evans', 9, 1, 0, 18),
(8, 'Donatas Motiejunas', 0, 0, 3, 12),
(8, 'Marcus Morris', 7, 4, 4, 34),
(8, 'Jon Leuer', 2, 3, 4, 17),
(8, 'Andre Drummond', 17, 0, 6, 26),
(8, 'Kentavious Caldwell-pope', 38, 1, 4, 39),
(8, 'Reggie Jackson', 6, 3, 0, 21),
(8, 'Tobias Harris', 19, 4, 8, 28),
(8, 'Ish Smith', 15, 7, 3, 27),
(8, 'Stanley Johnson', 4, 6, 5, 25),
(8, 'Aron Baynes', 8, 0, 7, 19),
(8, 'Reggie BullocK', 2, 0, 1, 5),
(9, 'Erasan Ilyasova', 13, 1, 10, 31),
(9, 'Timothe Luwawu-Cabarrot', 7, 2, 4, 23),
(9, 'Jahlil Okafor', 16, 1, 1, 24),
(9, 'Nik Staauskas', 8, 2, 3, 35),
(9, 'T.J. McConnell', 8, 4, 4, 29),
(9, 'Gerald Henderson Jr.', 10, 2, 3, 24),
(9, 'Dario Saric', 10, 2, 7, 24),
(9, 'Nerlens Noel', 9, 1, 3, 17),
(9, 'Sergio Rodriguez', 5, 4, 2, 13),
(9, 'Chasson Randle', 8, 2, 2, 12),
(9, 'Richaun Holmes', 2, 0, 0, 6),
(9, 'Harrison Barnes', 15, 1, 7, 32),
(9, 'Wesley Matthews', 9, 1, 6, 31),
(9, 'Dirk Nowitzki', 8, 3, 5, 28),
(9, 'Yogi Ferrell', 11, 5, 3, 38),
(9, 'Seth Curry', 22, 6, 3, 34),
(9, 'Salah Mejri', 16, 0, 17, 21),
(9, 'Devin Harris', 14, 3, 1, 19),
(9, 'Dorian Finney-Smith', 5, 2, 1, 18),
(9, 'Dwight Powell', 6, 1, 3, 10),
(9, 'Justin Anderson', 7, 0, 4, 5),
(9, 'Nicolas Brussino', 0, 0, 1, 5),
(10, 'Jamychal Green', 8, 1, 7, 26),
(10, 'Chandler Parsons', 6, 3, 6, 22),
(10, 'Marc Gasol', 24, 3, 5, 24),
(10, 'Tony Allen', 4, 0, 3, 30),
(10, 'Vince Carter', 14, 6, 5, 26),
(10, 'Andrew Harrison', 8, 6, 0, 21),
(10, 'Zach Randolph', 14, 2, 6, 21),
(10, 'James Ennis', 13, 1, 6, 20),
(10, 'Troy Daniels', 6, 0, 0, 6),
(10, 'Deyonta Davis', 0, 0, 2, 5),
(10, 'Toney Douglas', 2, 1, 0, 5),
(10, 'Brandon Wright', 2, 0, 2, 5),
(10, 'Danilo Gallinari', 14, 2, 3, 30),
(10, 'Kenneth Faried', 11, 1, 11, 28),
(10, 'Jusuf Nurkic', 4, 3, 3, 19),
(10, 'Gary Harris', 12, 1, 2, 25),
(10, 'Jameer Nelson', 0, 2, 1, 4),
(10, 'Jamal Murray', 9, 2, 4, 32),
(10, 'Emmanuel Mudiay', 14, 7, 6, 26),
(10, 'Wilson Chandler', 4, 4, 3, 25),
(10, 'Darrell Arthur', 14, 0, 5, 16),
(10, 'Juan Hernangomez', 9, 1, 4, 15),
(10, 'Mike Miller', 0, 0, 2, 8),
(10, 'Johnny O\'Bryant', 2, 1, 1, 7),
(10, 'Malik Beasley', 7, 1, 0, 6),
(10, 'Mike Conley Jr.', 18, 5, 4, 27),
(11, 'Giannis Antetokounmpo', 9, 4, 6, 39),
(11, 'Jabari Parker', 17, 0, 7, 32),
(11, 'Thon Maker', 12, 1, 5, 24),
(11, 'Matthew Dellavedova', 5, 6, 1, 26),
(11, 'Tony Snell', 6, 0, 7, 22),
(11, 'Malcolm Brogdon', 10, 4, 3, 31),
(11, 'Greg Monroe', 13, 1, 4, 24),
(11, 'Michael Beasley', 8, 0, 3, 17),
(11, 'Jason Terry', 2, 3, 1, 17),
(11, 'Mirza Teletovic', 6, 0, 2, 8),
(11, 'Gordon Hayward', 27, 5, 5, 32),
(11, 'Boris Diaw', 2, 1, 2, 20),
(11, 'Rudy Gobert', 26, 1, 14, 34),
(11, 'George Hill', 7, 4, 2, 34),
(11, 'Rodney Hood', 3, 0, 1, 8),
(11, 'Joe Johnson', 14, 5, 6, 27),
(11, 'Alec Burks', 6, 0, 4, 25),
(11, 'Joe Ingles', 3, 5, 3, 23),
(11, 'Trey Lyles', 7, 1, 3, 15),
(11, 'Jeff Withey', 6, 0, 4, 14),
(11, 'Dante Exum', 3, 0, 2, 8),
(12, 'Blake Griffin', 29, 5, 9, 34),
(12, 'Austin Rivers', 14, 4, 3, 28),
(12, 'DeAndre Jordan', 6, 2, 12, 23),
(12, 'J.J. Redick', 16, 3, 2, 31),
(12, 'Raymond Felton', 18, 1, 5, 30),
(12, 'Jamal Crawford', 14, 5, 3, 32),
(12, 'Marreese Speights', 9, 0, 7, 21),
(12, 'Luc Mbah a Moute', 8, 0, 1, 13),
(12, 'Alan Anderson', 0, 0, 3, 12),
(12, 'Wesley Johnson', 2, 0, 0, 11),
(12, 'Brandon Bass', 8, 0, 1, 6),
(12, 'T.J. Warren', 8, 0, 3, 29),
(12, 'Marquese Chriss', 9, 1, 5, 28),
(12, 'Tyson Chandler', 11, 0, 3, 27),
(12, 'Eric Bledsoe', 41, 8, 4, 40),
(12, 'Devin Booker', 20, 6, 4, 35),
(12, 'P.J. Tucker', 10, 2, 14, 34),
(12, 'Leandro Barbosa', 9, 1, 3, 20),
(12, 'Dragan Bender', 5, 2, 5, 13),
(12, 'Alex Len', 1, 1, 3, 6),
(13, 'Jimmy Butler', 28, 5, 4, 30),
(13, 'Taj Gibson', 8, 0, 8, 22),
(13, 'Robin Lopez', 14, 0, 2, 21),
(13, 'Jerian Grant', 12, 3, 3, 26),
(13, 'Dwyane Wade', 18, 7, 7, 24),
(13, 'Cristiano Felicio', 11, 0, 4, 24),
(13, 'Paul Zipser', 7, 2, 5, 24),
(13, 'Nikola Mirotic', 6, 0, 4, 20),
(13, 'Rajon Rondo', 0, 6, 0, 17),
(13, 'Doug McDermott', 11, 0, 1, 14),
(13, 'Isaiah Canaan', 3, 1, 1, 7),
(13, 'Bobby Portis', 2, 0, 1, 7),
(13, 'Michael Carter-Williams', 8, 1, 2, 6),
(13, 'Andre Roberson', 5, 1, 6, 30),
(13, 'Domantas Sabonis', 2, 0, 5, 22),
(13, 'Steven Adams', 8, 0, 6, 29),
(13, 'Russell Westbrook', 28, 8, 5, 29),
(13, 'Victor Oladipo', 12, 0, 5, 25),
(13, 'Anthony Morrow', 7, 1, 1, 24),
(13, 'Jerami Grant', 15, 0, 1, 20),
(13, 'Cameron Payne', 7, 5, 0, 19),
(13, 'Joffrey Lauvergne', 4, 1, 1, 14),
(13, 'Semaj Christon', 5, 0, 3, 13),
(13, 'Josh Huestis', 7, 1, 4, 7),
(14, 'Marvin Walliams', 14, 1, 6, 31),
(14, 'Michael Kidd-Gilchrist', 8, 1, 9, 23),
(14, 'Spencer Hawes', 4, 3, 4, 25),
(14, 'Kemba Walker', 7, 5, 1, 25),
(14, 'Nicolas Belinelli', 16, 7, 2, 30),
(14, 'Frank Kaminsky', 24, 2, 7, 24),
(14, 'Jeremy Lamb', 7, 1, 7, 24),
(14, 'Brian Roberts', 8, 3, 2, 15),
(14, 'Ramon Sessions', 1, 3, 0, 8),
(14, 'Christian Wood', 4, 0, 1, 7),
(14, 'Treveon Graham', 5, 0, 1, 6),
(14, 'Kevin Durant', 18, 8, 8, 33),
(14, 'Draymond Green', 8, 5, 10, 31),
(14, 'JaVale McGee', 9, 0, 4, 17),
(14, 'Klay Thompson', 29, 8, 5, 33),
(14, 'Stephen Curry', 39, 8, 5, 30),
(14, 'Andre Lguodala', 6, 3, 5, 25),
(14, 'James Michael McAdoo', 2, 2, 1, 18),
(14, 'Patrick McCaw', 5, 0, 1, 18),
(14, 'Ian Clark', 2, 1, 4, 16),
(14, 'Kevon Looney', 2, 0, 1, 9),
(14, 'Anderson Varejao', 2, 0, 1, 6),
(14, 'Damian Jones', 4, 0, 2, 4),
(15, 'Solomon Hill', 4, 1, 2, 23),
(15, 'Dante Cunningham', 0, 0, 1, 6),
(15, 'Anthony Davis', 18, 3, 17, 41),
(15, 'Jrue Holiday', 30, 3, 2, 41),
(15, 'Buddy Hield', 15, 0, 6, 33),
(15, 'Terrence Jones', 12, 4, 4, 34),
(15, 'E\'Twaun Moore', 17, 2, 6, 30),
(15, 'Donatas Motiejunas', 4, 0, 4, 25),
(15, 'Langston Galloway', 4, 2, 4, 20),
(15, 'Tim Frazier', 2, 2, 1, 12),
(15, 'DeMarre Carroll', 8, 2, 8, 37),
(15, 'Patrick Patterson', 10, 1, 8, 35),
(15, 'Jonas Valanciunas', 20, 0, 12, 32),
(15, 'Kyle Lowry', 33, 10, 4, 45),
(15, 'Norman Powell', 18, 3, 4, 40),
(15, 'Cory Joseph', 2, 3, 0, 24),
(15, 'Lucas Nogueira', 8, 0, 7, 22),
(15, 'Terrence Ross', 6, 0, 5, 22),
(15, 'Pascal Siakam', 4, 0, 5, 7),
(16, 'Carmelo Anthony', 26, 0, 5, 32),
(16, 'Guillermo Hernangomez', 15, 4, 14, 32),
(16, 'Joakim Noah', 0, 1, 4, 15),
(16, 'Brandon Jennings', 21, 2, 5, 38),
(16, 'Courtney Lee', 5, 1, 5, 27),
(16, 'Ron Baker', 5, 2, 2, 28),
(16, 'Justin Holiday', 5, 3, 2, 20),
(16, 'Kyle O\'Quinn', 13, 1, 10, 17),
(16, 'Mindaugas Kuzminskas', 1, 1, 1, 14),
(16, 'Maurice Ndour', 7, 0, 2, 8),
(16, 'Marshall Plumlee', 0, 0, 1, 5),
(16, 'Sasha Vujacic', 3, 3, 0, 5),
(16, 'Markieff Morris', 24, 2, 10, 34),
(16, 'Otto Porter Jr.', 10, 3, 6, 29),
(16, 'Marcin Gortat', 15, 2, 10, 31),
(16, 'John Wall', 15, 13, 4, 34),
(16, 'Bradley Beal', 28, 4, 2, 32),
(16, 'Kelly Oubre Jr.', 14, 0, 2, 28),
(16, 'Trey Burke', 4, 2, 4, 19),
(16, 'Jason Smith', 2, 1, 5, 15),
(16, 'Tomas Satoransky', 4, 0, 1, 11),
(17, 'Arron Afflalo', 9, 1, 1, 27),
(17, 'DeMarcus Cousins', 16, 5, 7, 25),
(17, 'Kosta Koufos', 12, 0, 4, 17),
(17, 'Darren Collison', 5, 4, 2, 26),
(17, 'Garrett Temple', 3, 2, 3, 18),
(17, 'Matt Barnes', 5, 3, 11, 30),
(17, 'Willie Cauley-stein', 10, 2, 5, 24),
(17, 'Anthony Tolliver', 10, 0, 3, 22),
(17, 'Malachi Richardson', 8, 0, 3, 19),
(17, 'Ty Lawson', 0, 1, 2, 12),
(17, 'Ben Mclemore', 2, 4, 1, 12),
(17, 'Skal Labissiere', 3, 0, 3, 8),
(17, 'Ryan Anderson', 25, 3, 11, 27),
(17, 'Trevor Ariza', 7, 4, 9, 27),
(17, 'Clint N\'Dumba-Capela', 12, 1, 11, 20),
(17, 'Patrick Beverley', 5, 5, 5, 32),
(17, 'James Harden', 10, 8, 7, 32),
(17, 'Eric Gordon', 17, 1, 5, 28),
(17, 'Sam Dekker', 3, 0, 5, 18),
(17, 'Corey Brewer', 5, 2, 2, 17),
(17, 'Montrezl Harrell', 7, 3, 3, 15),
(17, 'Nene', 11, 1, 1, 13),
(18, 'Domantas Sabonis', 13, 0, 10, 35),
(18, 'Andre Roberson', 1, 0, 7, 24),
(18, 'Steven Adams', 16, 2, 11, 34),
(18, 'Russell Westbrook', 27, 14, 6, 34),
(18, 'Victor Oladipo', 15, 1, 4, 32),
(18, 'Anthony Morrow', 11, 0, 1, 30),
(18, 'Cameron Payne', 2, 3, 2, 19),
(18, 'Joffrey Lauvergne', 4, 0, 5, 16),
(18, 'Jerami Grant', 3, 0, 3, 11),
(18, 'Semaj Christon', 2, 1, 1, 5),
(18, 'Kawhi Leonard', 36, 4, 8, 36),
(18, 'LaMarcus Aldridge', 25, 0, 6, 28),
(18, 'Dewayne Dedmon', 6, 0, 8, 17),
(18, 'Tony Parker', 3, 4, 6, 25),
(18, 'Danny Green', 6, 1, 1, 24),
(18, 'David Lee', 7, 0, 7, 26),
(18, 'Davis Bertans', 2, 1, 5, 23),
(18, 'Manu Ginobili', 8, 4, 2, 21),
(18, 'Jonathon Simmons', 7, 1, 6, 19),
(18, 'Patty Mills', 8, 1, 0, 16),
(19, 'Marvin Williams', 10, 0, 6, 33),
(19, 'Michael Kidd-Gilchrist', 5, 2, 5, 24),
(19, 'Roy Hibbert', 2, 0, 6, 13),
(19, 'Nicolas Batum', 18, 6, 8, 34),
(19, 'Kemba Walker', 22, 5, 3, 32),
(19, 'Frank Kaminsky', 10, 0, 1, 25),
(19, 'Marco Belinelli', 6, 1, 1, 24),
(19, 'Spencer Hawes', 8, 2, 4, 16),
(19, 'Ramon Sessions', 6, 2, 1, 13),
(19, 'Treveon Graham', 0, 0, 1, 6),
(19, 'Jeremy Lamb', 3, 0, 2, 6),
(19, 'Brian Roberts', 8, 1, 1, 6),
(19, 'Christian Wood', 0, 1, 3, 6),
(19, 'Evan Turner', 4, 3, 1, 22),
(19, 'Noah Vonleh', 4, 0, 10, 20),
(19, 'Mason Plumlee', 7, 2, 11, 23),
(19, 'Damian Lillard', 27, 4, 4, 31),
(19, 'C.J. McCollum', 18, 4, 2, 26),
(19, 'Allen Crabbe', 21, 0, 5, 29),
(19, 'AI-Farouq Aminu', 7, 3, 10, 28),
(19, 'Maurice Harkless', 10, 3, 5, 28),
(19, 'Meyers Leonard', 12, 4, 3, 25),
(19, 'Pat Connaughton', 5, 0, 0, 4),
(20, 'Danilo Gallinari', 17, 3, 2, 36),
(20, 'Kenneth Faried', 14, 1, 17, 28),
(20, 'Jusuf Nurkic', 1, 1, 4, 12),
(20, 'Jameer Nelson', 9, 7, 5, 37),
(20, 'Gary Harris', 17, 4, 4, 32),
(20, 'Wilson Chandler', 26, 4, 9, 36),
(20, 'Jamal Murray', 14, 3, 2, 27),
(20, 'Darrell Arthur', 10, 3, 6, 20),
(20, 'Juan Hernangomez', 8, 0, 2, 12),
(20, 'Luol Deng', 7, 1, 4, 31),
(20, 'Tarik Black', 6, 0, 8, 18),
(20, 'Timofey Mozgov', 12, 0, 6, 23),
(20, 'D\'Angelo Russell', 22, 10, 7, 34),
(20, 'Nick Young', 23, 3, 4, 30),
(20, 'Lou Williams', 21, 7, 5, 24),
(20, 'Jordan Clarkson', 6, 2, 3, 21),
(20, 'Brandon Ingram', 4, 1, 1, 21),
(20, 'Ivica Zubac', 17, 1, 6, 21),
(21, 'Luol Deng', 17, 0, 6, 32),
(21, 'Tarik Black', 13, 1, 11, 26),
(21, 'Timofey Mozgov', 0, 1, 1, 17),
(21, 'D\'Angelo Russell', 17, 11, 7, 31),
(21, 'Nick Young', 7, 0, 1, 24),
(21, 'Jordan Clarkson', 20, 1, 2, 29),
(21, 'Lou Williams', 15, 4, 2, 23),
(21, 'Brandon Ingram', 5, 0, 6, 21),
(21, 'Larry Nance', 8, 1, 6, 20),
(21, 'Ivica Zubac', 4, 0, 3, 11),
(21, 'Julius Randle', 2, 0, 2, 6),
(21, 'Otto Porter Jr.', 11, 3, 6, 38),
(21, 'Markieff Morris', 12, 2, 10, 35),
(21, 'Marcin Gortat', 21, 3, 13, 33),
(21, 'John Wall', 33, 11, 3, 41),
(21, 'Bradley Beal', 23, 4, 1, 34),
(21, 'Kelly Oubre Jr.', 4, 0, 1, 24),
(21, 'Jason Smith', 4, 0, 6, 15),
(21, 'Trey Burke', 5, 2, 1, 12),
(21, 'Tomas Satoransky', 3, 2, 3, 9),
(22, 'Tim Hardaway Jr.', 33, 3, 6, 33),
(22, 'Paul Millsap', 16, 3, 4, 29),
(22, 'Dwight Howard', 24, 3, 23, 37),
(22, 'Kent Bazemore', 7, 6, 3, 31),
(22, 'Dennis Schroder', 5, 3, 2, 21),
(22, 'Malcolm Delaney', 2, 4, 5, 25),
(22, 'Mike Dunleavy Jr.', 7, 2, 1, 22),
(22, 'DeAndre\' Bembry', 10, 2, 4, 21),
(22, 'Mike Muscala', 9, 0, 8, 20),
(22, 'Trevor Ariza', 3, 3, 5, 37),
(22, 'Ryan Anderson', 11, 2, 2, 34),
(22, 'Clint N\'Dumba-Capela', 22, 0, 9, 31),
(22, 'James Harden', 41, 8, 8, 39),
(22, 'Patrick Beverley', 9, 1, 6, 31),
(22, 'Eric Gordan', 13, 3, 2, 30),
(22, 'Nene', 4, 1, 3, 17),
(22, 'Sam Dekker', 2, 0, 1, 12),
(22, 'Corey Brewer', 3, 1, 1, 11),
(23, 'Ersan Ilyasova', 25, 2, 9, 39),
(23, 'Dario Saric', 14, 1, 8, 36),
(23, 'Jahlil Okafor', 9, 3, 9, 25),
(23, 'T.J. McConnell', 4, 7, 5, 32),
(23, 'Nik Stauskas', 8, 1, 4, 28),
(23, 'Timothe Lauwawu-Cabarrot', 9, 1, 2, 30),
(23, 'Richaun Holmes', 4, 1, 6, 19),
(23, 'Sergio Rodriguez', 8, 4, 2, 17),
(23, 'Chasson Randle', 5, 1, 1, 15),
(23, 'Davis Bertans', 12, 3, 6, 30),
(23, 'Kawhi Leonard', 19, 5, 8, 25),
(23, 'Dewayne Dedmon', 13, 1, 10, 22),
(23, 'Danny Green', 12, 0, 4, 29),
(23, 'Tony Parker', 1, 6, 4, 26),
(23, 'Kyle Anderson', 4, 3, 5, 24),
(23, 'Jonathon Simmons', 11, 0, 3, 19),
(23, 'Patty Mills', 12, 4, 2, 18),
(23, 'David Lee', 12, 1, 9, 17),
(23, 'Joel Anthony', 4, 0, 4, 13),
(23, 'Manu Ginobili', 2, 2, 4, 9),
(24, 'Kevin Durant', 26, 10, 8, 37),
(24, 'Patrick McCaw', 8, 6, 1, 28),
(24, 'JaVale McGee', 11, 0, 8, 15),
(24, 'Stephen Curry', 29, 11, 3, 37),
(24, 'Klay Thompson', 21, 2, 7, 33),
(24, 'Andre Iguodala', 13, 4, 4, 30),
(24, 'Ian Clark', 11, 4, 1, 21),
(24, 'James Michael McAdoo', 10, 0, 9, 17),
(24, 'Kevon Looney', 4, 1, 3, 13),
(24, 'Anderson Varejao', 0, 0, 2, 8),
(24, 'Austin Rivers', 18, 6, 4, 36),
(24, 'Blake Griffin', 31, 2, 8, 30),
(24, 'DeAndre Jordan', 9, 1, 7, 25),
(24, 'J.J. Redick', 17, 3, 2, 37),
(24, 'Raymond Felton', 9, 5, 4, 33),
(24, 'Jamal Crawford', 21, 4, 2, 34),
(24, 'Marreese Speights', 8, 3, 6, 17),
(24, 'Brandon Bass', 7, 0, 2, 16);

-- --------------------------------------------------------

--
-- Table structure for table `games`
--

CREATE TABLE `games` (
  `gameID` smallint(8) NOT NULL,
  `hometeam` varchar(32) NOT NULL,
  `guestteam` varchar(32) NOT NULL,
  `hometeamScore` smallint(6) NOT NULL,
  `guestteamScore` smallint(6) NOT NULL,
  `data` date NOT NULL
) ENGINE=InnoDB DEFAULT CHARSET=latin1;

--
-- Dumping data for table `games`
--

INSERT INTO `games` (`gameID`, `hometeam`, `guestteam`, `hometeamScore`, `guestteamScore`, `data`) VALUES
(1, 'New York Knicks', 'Atlanta Hawks', 139, 142, '2017-01-29'),
(2, 'Oklahoma City Thunder', 'Cleveland Cavaliers', 91, 107, '2017-01-29'),
(3, 'Indiana Pacers', 'Orlando Magic', 98, 88, '2017-02-01'),
(4, 'Minnesota Timberwolves', 'Cleveland Cavaliers', 97, 125, '2017-02-01'),
(5, 'Toroto Raptors', 'Boston Celtics', 104, 109, '2017-02-01'),
(6, 'Atlanta Hawks', 'Miami Heat', 93, 116, '2017-02-01'),
(7, 'New York Knicks', 'Brooklyn Nets', 95, 90, '2017-02-01'),
(8, 'New Orleans Pelicans', 'Detroit Pistons', 98, 118, '2017-02-01'),
(9, 'Philadelphia 76ers', 'Dallas Mavericks', 95, 113, '2017-02-01'),
(10, 'Memphis Grizzlies', 'Denver Nuggets', 119, 99, '2017-02-01'),
(11, 'Milwaukee Bucks', 'Utah Jazz', 88, 104, '2017-02-01'),
(12, 'Los Angeles Clippers', 'Phoenix Suns', 124, 114, '2017-02-01'),
(13, 'Chicago Bulls', 'Oklahoma City Thunder', 128, 100, '2017-02-01'),
(14, 'Charlotte Hornets', 'Golden State Warriors', 111, 126, '2017-02-01'),
(15, 'New Orleans Pelicans', 'Toronto Raptors', 106, 108, '2017-01-31'),
(16, 'New York Knicks', 'Washington Wizards', 101, 117, '2017-01-31'),
(17, 'Sacramento Kings', 'Houston Rockets', 83, 105, '2017-01-31'),
(18, 'Oklahoma City Thunder', 'San Antonio Spurs', 94, 108, '2017-01-31'),
(19, 'Charlotte Hornets', 'Portland Trail Blazers', 98, 115, '2017-01-31'),
(20, 'Denver Nuggets', 'Los Angeles Lakers', 116, 120, '2017-01-31'),
(21, 'Los Angeles Lakers', 'Washington Wizards', 108, 116, '2017-02-02'),
(22, 'Atlanta Hawks', 'Houston Rockets', 113, 108, '2017-02-02'),
(23, 'Philadelphia 76ers', 'San Antonio Spurs', 86, 102, '2017-02-02'),
(24, 'Golden State Warriors', 'Los Angeles Clippers', 133, 120, '2017-02-02');

-- --------------------------------------------------------

--
-- Table structure for table `members`
--

CREATE TABLE `members` (
  `username` varchar(255) NOT NULL,
  `email` varchar(255) NOT NULL,
  `password` varchar(255) NOT NULL,
  `favouritePlayer` text NOT NULL,
  `favouriteTeam` varchar(255) NOT NULL,
  `first_name` varchar(255) DEFAULT NULL,
  `last_name` varchar(255) DEFAULT NULL
) ENGINE=InnoDB DEFAULT CHARSET=latin1;

-- --------------------------------------------------------

--
-- Table structure for table `players`
--

CREATE TABLE `players` (
  `id` int(11) NOT NULL,
  `name` varchar(255) DEFAULT NULL,
  `team` varchar(255) DEFAULT NULL,
  `age` smallint(6) DEFAULT NULL,
  `gamesPlayed` smallint(6) DEFAULT NULL,
  `wins` smallint(6) DEFAULT NULL,
  `losses` smallint(6) DEFAULT NULL,
  `minutes` double DEFAULT NULL,
  `points` double DEFAULT NULL,
  `fgMade` double DEFAULT NULL,
  `fgAttempted` double DEFAULT NULL,
  `fgPercentage` double DEFAULT NULL,
  `3PM` double DEFAULT NULL,
  `3PA` double DEFAULT NULL,
  `3Ppercentage` double DEFAULT NULL,
  `ftMade` double DEFAULT NULL,
  `ftAttempted` double DEFAULT NULL,
  `ftPercentage` double DEFAULT NULL,
  `offRebounds` double DEFAULT NULL,
  `defRebounds` double DEFAULT NULL,
  `rebounds` double DEFAULT NULL,
  `assists` double DEFAULT NULL,
  `turnovers` double DEFAULT NULL,
  `steals` double DEFAULT NULL,
  `blocks` double DEFAULT NULL,
  `fouls` double DEFAULT NULL,
  `plusMinus` double DEFAULT NULL
) ENGINE=InnoDB DEFAULT CHARSET=latin1;

--
-- Dumping data for table `players`
--

INSERT INTO `players` (`id`, `name`, `team`, `age`, `gamesPlayed`, `wins`, `losses`, `minutes`, `points`, `fgMade`, `fgAttempted`, `fgPercentage`, `3PM`, `3PA`, `3Ppercentage`, `ftMade`, `ftAttempted`, `ftPercentage`, `offRebounds`, `defRebounds`, `rebounds`, `assists`, `turnovers`, `steals`, `blocks`, `fouls`, `plusMinus`) VALUES
(1, 'Russell Westbrook', 'OKC', 28, 81, 46, 35, 34.6, 31.6, 10.2, 24, 42.5, 2.5, 7.2, 34.3, 8.8, 10.4, 84.5, 1.7, 9, 10.7, 10.4, 5.4, 1.6, 0.4, 2.3, 3.1),
(2, 'James Harden', 'HOU', 27, 81, 54, 27, 36.4, 29.1, 8.3, 18.9, 44, 3.2, 9.3, 34.7, 9.2, 10.9, 84.7, 1.2, 7, 8.1, 11.2, 5.7, 1.5, 0.5, 2.7, 5.2),
(3, 'Isaiah Thomas', 'BOS', 28, 76, 51, 25, 33.8, 28.9, 9, 19.4, 46.3, 3.2, 8.5, 37.9, 7.8, 8.5, 90.9, 0.6, 2.1, 2.7, 5.9, 2.8, 0.9, 0.2, 2.2, 3.6),
(4, 'Anthony Davis', 'NOP', 24, 75, 31, 44, 36.1, 28, 10.3, 20.3, 50.5, 0.5, 1.8, 29.9, 6.9, 8.6, 80.2, 2.3, 9.5, 11.8, 2.1, 2.4, 1.3, 2.2, 2.2, 0.7),
(5, 'DeMar DeRozan', 'TOR', 27, 74, 47, 27, 35.4, 27.3, 9.7, 20.9, 46.7, 0.4, 1.7, 26.6, 7.4, 8.7, 84.2, 0.9, 4.3, 5.2, 3.9, 2.4, 1.1, 0.2, 1.8, 2),
(6, 'Damian Lillard', 'POR', 26, 75, 38, 37, 35.9, 27, 8.8, 19.8, 44.4, 2.9, 7.7, 37, 6.5, 7.3, 89.5, 0.6, 4.3, 4.9, 5.9, 2.6, 0.9, 0.3, 2, 1.1),
(7, 'DeMarcus Cousins', 'NOP', 26, 72, 30, 42, 34.2, 27, 9, 19.9, 45.2, 1.8, 5, 36.1, 7.2, 9.3, 77.2, 2.1, 8.9, 11, 4.6, 3.7, 1.4, 1.3, 3.9, -0.3),
(8, 'LeBron James', 'CLE', 32, 74, 51, 23, 37.8, 26.4, 9.9, 18.2, 54.8, 1.7, 4.6, 36.3, 4.8, 7.2, 67.4, 1.3, 7.3, 8.6, 8.7, 4.1, 1.2, 0.6, 1.8, 6.5),
(9, 'Stephen Curry', 'GSW', 29, 79, 65, 14, 33.4, 25.3, 8.5, 18.3, 46.8, 4.1, 10, 41.1, 4.1, 4.6, 89.8, 0.8, 3.7, 4.5, 6.6, 3, 1.8, 0.2, 2.3, 12.8),
(10, 'Kyrie Irving', 'CLE', 25, 72, 47, 25, 35.1, 25.2, 9.3, 19.7, 47.3, 2.5, 6.1, 40.1, 4.1, 4.6, 90.5, 0.7, 2.5, 3.2, 5.8, 2.5, 1.2, 0.3, 2.2, 4.6),
(11, 'Karl-Anthony Towns', 'MIN', 21, 82, 31, 51, 37, 25.1, 9.8, 18, 54.2, 1.2, 3.4, 36.7, 4.3, 5.2, 83.2, 3.6, 8.7, 12.3, 2.7, 2.6, 0.7, 1.3, 2.9, -0.3),
(12, 'Karl-Anthony Towns', 'MIN', 21, 82, 31, 51, 37, 25.1, 9.8, 18, 54.2, 1.2, 3.4, 36.7, 4.3, 5.2, 83.2, 3.6, 8.7, 12.3, 2.7, 2.6, 0.7, 1.3, 2.9, -0.3),
(13, 'Kevin Durant', 'GSW', 28, 62, 51, 11, 33.4, 25.1, 8.9, 16.5, 53.7, 1.9, 5, 37.5, 5.4, 6.2, 87.5, 0.6, 7.6, 8.3, 4.8, 2.2, 1.1, 1.6, 1.9, 11.5),
(14, 'Jimmy Butler', 'CHI', 27, 76, 40, 36, 37, 23.9, 7.5, 16.5, 45.5, 1.2, 3.3, 36.7, 7.7, 8.9, 86.5, 1.7, 4.5, 6.2, 5.5, 2.1, 1.9, 0.4, 1.5, 2.7),
(15, 'Paul George', 'IND', 27, 75, 39, 36, 35.9, 23.7, 8.3, 18, 46.1, 2.6, 6.6, 39.3, 4.5, 5, 89.8, 0.8, 5.8, 6.6, 3.3, 2.9, 1.6, 0.4, 2.7, 2.3),
(16, 'Andrew Wiggins', 'MIN', 22, 82, 31, 51, 37.2, 23.6, 8.6, 19.1, 45.2, 1.3, 3.5, 35.6, 5, 6.6, 76, 1.2, 2.8, 4, 2.3, 2.3, 1, 0.4, 2.2, -0.2),
(17, 'Kemba Walker', 'CHA', 27, 79, 36, 43, 34.7, 23.2, 8.1, 18.3, 44.4, 3, 7.6, 39.9, 3.8, 4.5, 84.7, 0.6, 3.3, 3.9, 5.5, 2.1, 1.1, 0.3, 1.5, 2.4),
(18, 'John Wall', 'WAS', 26, 78, 48, 30, 36.4, 23.1, 8.3, 18.4, 45.1, 1.1, 3.5, 32.7, 5.4, 6.8, 80.1, 0.8, 3.4, 4.2, 10.7, 4.1, 2, 0.6, 1.9, 3.2),
(19, 'Bradley Beal', 'WAS', 24, 77, 48, 29, 34.9, 23.1, 8.3, 17.2, 48.2, 2.9, 7.2, 40.4, 3.7, 4.4, 82.5, 0.7, 2.4, 3.1, 3.5, 2, 1.1, 0.3, 2.2, 4.3),
(20, 'CJ McCollum', 'POR', 25, 80, 40, 40, 34.9, 23, 8.7, 18, 48, 2.3, 5.5, 42.1, 3.4, 3.7, 91.2, 0.8, 2.9, 3.6, 3.6, 2.2, 0.9, 0.5, 2.5, 0.8),
(21, 'Giannis Antetokounmpo', 'MIL', 22, 80, 42, 38, 35.6, 22.9, 8.2, 15.7, 52.1, 0.6, 2.3, 27.2, 5.9, 7.7, 77, 1.8, 7, 8.8, 5.4, 2.9, 1.6, 1.9, 3.1, 0.6),
(22, 'Carmelo Anthony', 'NYK', 33, 74, 29, 45, 34.3, 22.4, 8.1, 18.8, 43.3, 2, 5.7, 35.9, 4.1, 4.9, 83.3, 0.8, 5.1, 5.9, 2.9, 2.1, 0.8, 0.5, 2.7, -3),
(23, 'Kyle Lowry', 'TOR', 31, 60, 36, 24, 37.4, 22.4, 7.1, 15.3, 46.4, 3.2, 7.8, 41.2, 5, 6.1, 81.9, 0.8, 4, 4, 7, 2.9, 1.5, 0.3, 2.8, 6),
(24, 'Klay Thompson', 'GSW', 27, 78, 66, 12, 34, 22.3, 8.3, 17.6, 46.8, 3.4, 8.3, 41.4, 2.4, 2.8, 85.3, 0.6, 3, 3.7, 2.1, 1.6, 0.8, 0.5, 1.8, 10.3),
(25, 'Devin Booker', 'PHX', 20, 78, 24, 54, 35, 22.1, 7.8, 18.3, 42.3, 1.9, 5.2, 36.3, 4.7, 5.7, 83.2, 0.6, 2.6, 3.2, 3.4, 3.1, 0.9, 0.3, 3.1, -2.9),
(26, 'Gordon Hayward', 'UTA', 27, 73, 46, 27, 34.5, 21.9, 7.5, 15.8, 47.1, 2, 5.1, 39.8, 5, 5.9, 84.4, 0.7, 4.7, 5.4, 3.5, 1.9, 1, 0.3, 1.6, 4.8),
(27, 'Blake Griffin', 'LAC', 28, 61, 40, 21, 34, 21.6, 7.9, 15.9, 49.3, 0.6, 1.9, 33.6, 5.2, 6.9, 76, 1.8, 6.3, 8.1, 4.9, 2.3, 0.9, 0.3, 2.6, 7.2),
(28, 'Eric Bledsoe', 'PHX', 27, 66, 22, 44, 33, 21.1, 6.8, 15.7, 43.4, 1.6, 4.7, 33.5, 5.9, 6.9, 84.7, 0.8, 4.1, 4.8, 6.3, 3.4, 1.4, 0.5, 2.5, -2.8),
(29, 'Brook Lopez', 'BKN', 29, 75, 20, 55, 29.6, 20.5, 7.4, 15.6, 47.4, 1.8, 5.2, 34.6, 3.9, 4.9, 81, 1.6, 3.8, 5.4, 2.3, 2.5, 0.5, 1.7, 2.6, -2.1),
(30, 'Mike Conley', 'MEM', 29, 69, 35, 34, 33.2, 20.5, 6.7, 14.6, 46, 2.5, 6.1, 40.8, 4.6, 5.3, 85.9, 0.4, 3, 3.5, 6.3, 2.3, 1.3, 0.3, 1.8, 2.7),
(31, 'Goran Dragic', 'MIA', 31, 73, 40, 33, 33.7, 20.3, 7.3, 15.4, 47.5, 1.6, 4, 40.5, 4.1, 5.2, 79, 0.8, 3, 3.8, 5.8, 2.9, 1.2, 0.2, 2.7, 0.9),
(32, 'Joel Embiid', 'PHI', 23, 31, 13, 18, 25.4, 20.2, 6.5, 13.8, 46.6, 1.2, 3.2, 36.7, 6.2, 7.9, 78.3, 2, 5.9, 7.8, 2.1, 3.8, 0.9, 2.5, 3.6, 2.2),
(33, 'Jabari Parker', 'MIL', 22, 51, 22, 29, 33.9, 20.1, 7.8, 16, 49, 1.3, 3.5, 36.5, 3.2, 4.3, 74.3, 1.5, 4.6, 6.2, 2.8, 1.8, 1, 0.4, 2.2, -1.7),
(34, 'Marc Gasol', 'MEM', 32, 74, 40, 34, 34.2, 19.5, 7.2, 15.7, 45.9, 1.4, 3.6, 38.8, 3.8, 4.5, 83.7, 0.8, 5.5, 6.3, 4.6, 2.2, 0.9, 1.3, 2.3, 0.9),
(35, 'Harrison Barnes', 'DAL', 25, 79, 32, 47, 35.5, 19.2, 7.6, 16.2, 46.8, 1, 2.8, 35.1, 3.1, 3.6, 86.1, 1.2, 3.8, 5, 1.5, 1.3, 0.8, 0.2, 1.6, -1.7),
(36, 'Kevin Love', 'CLE', 28, 60, 40, 20, 31.4, 19, 6.2, 14.5, 42.7, 2.4, 6.5, 37.3, 4.3, 4.9, 87.1, 2.5, 8.6, 11.1, 1.9, 2, 0.9, 0.4, 2.1, 5.6),
(37, 'Zach Lavine', 'MIN', 22, 47, 16, 31, 37.2, 18.9, 6.9, 15.1, 45.9, 2.6, 6.6, 38.7, 2.5, 3, 83.6, 0.4, 3, 3.4, 3, 1.8, 0.9, 0.2, 2.2, -2.5),
(38, 'Rudy Gay', 'SAC', 30, 30, 11, 19, 33.8, 18.7, 6.7, 14.7, 45.5, 1.4, 3.8, 37.2, 3.9, 4.6, 85.5, 1.2, 5.2, 6.3, 2.8, 2.5, 1.5, 0.9, 2.6, 2.3),
(39, 'Dwyane Wade', 'CHI', 35, 60, 29, 31, 29.9, 18.3, 6.9, 15.9, 43.4, 0.8, 2.4, 31, 3.7, 4.7, 79.4, 1.1, 3.5, 4.5, 3.8, 2.3, 1.4, 0.7, 1.9, -1.2),
(40, 'Danillo Gallinari', 'DEN', 28, 63, 31, 32, 33.9, 18.2, 5.3, 11.9, 44.7, 2, 5.1, 38.9, 5.5, 6.1, 90.2, 0.6, 4.5, 5.2, 2.1, 1.3, 0.6, 0.2, 1.5, 2.5),
(41, 'Kristaps Porzingis', 'NYK', 21, 66, 26, 40, 32.8, 18.1, 6.7, 14.9, 45, 1.7, 4.8, 35.7, 3, 3.8, 78.6, 1.7, 5.5, 7.2, 1.5, 1.8, 0.7, 2, 3.7, -1.5),
(42, 'Chris Paul', 'LAC', 32, 61, 43, 18, 31.5, 18.1, 6.1, 12.9, 47.6, 2, 5, 41.1, 3.8, 4.3, 89.2, 0.7, 4.3, 5, 9.2, 2.4, 2, 0.1, 2.4, 9.5),
(43, 'Paul Millsap', 'ATL', 32, 69, 40, 29, 34, 18.1, 6.2, 14.1, 44.2, 1.1, 3.5, 31.1, 4.5, 5.9, 76.8, 1.6, 6.1, 7.7, 3.7, 2.3, 1.3, 0.9, 2.7, 1.9),
(44, 'Derrick Rose', 'NYK', 28, 64, 26, 38, 32.5, 18, 7.2, 15.3, 47.1, 0.2, 0.9, 21.7, 3.5, 4, 87.4, 1, 2.8, 3.8, 4.4, 2.3, 0.7, 0.3, 1.3, -2.6),
(45, 'Dennis Schroder', 'ATL', 23, 79, 42, 37, 31.5, 17.9, 6.9, 15.4, 45.1, 1.3, 3.7, 34, 2.8, 3.2, 85.5, 0.5, 2.6, 3.1, 6.3, 3.3, 0.9, 0.2, 1.9, -1),
(46, 'Lou Williams', 'HOU', 30, 81, 34, 47, 24.6, 17.5, 5.3, 12.3, 42.9, 2, 5.5, 36.5, 5, 5.6, 88, 0.3, 2.2, 2.5, 3, 2, 1, 0.2, 1.1, 0.6),
(47, 'LaMarcus Aldridge', 'SAS', 31, 72, 52, 20, 32.4, 17.3, 6.9, 14.6, 47.7, 0.3, 0.8, 41.1, 3.1, 3.8, 81.2, 2.4, 4.9, 7.3, 1.9, 1.4, 0.6, 1.2, 2.2, 3.8),
(48, 'Evan Fournier', 'ORL', 24, 68, 23, 45, 32.8, 17.2, 6, 13.7, 43.9, 1.9, 5.3, 35.6, 3.3, 4.1, 80.5, 0.6, 2.4, 3.1, 3, 2.1, 1, 0.1, 2.6, -2.9),
(49, 'Hassan Whiteside', 'MIA', 28, 77, 39, 38, 32.6, 17, 7, 12.6, 55.7, 0, 0, 0, 2.9, 4.6, 62.8, 3.8, 10.3, 14.1, 0.7, 2, 0.7, 2.1, 2.9, 1.3),
(50, 'George Hill', 'UTA', 31, 49, 33, 16, 31.5, 16.9, 5.9, 12.4, 47.7, 1.9, 4.8, 40.3, 3.2, 4, 80.1, 0.5, 2.9, 3.4, 4.2, 1.7, 1, 0.2, 2.3, 5.2),
(51, 'Nikola Jokic', 'DEN', 22, 73, 37, 36, 27.9, 16.7, 6.8, 11.7, 57.8, 0.6, 1.9, 32.4, 2.6, 3.1, 82.5, 2.9, 6.9, 9.8, 4.9, 2.3, 0.8, 0.8, 2.9, 4.1),
(52, 'Avery Bradley', 'BOS', 26, 55, 34, 21, 33.4, 16.3, 6.5, 14.1, 46.3, 2, 5, 39, 1.2, 1.7, 73.1, 1.2, 4.9, 6.1, 2.2, 1.6, 1.2, 0.2, 2.6, 1.3),
(53, 'Eric Gordon', 'HOU', 28, 75, 50, 25, 31, 16.2, 5.5, 13.5, 40.6, 3.3, 8.8, 37.2, 2, 2.3, 84, 0.4, 2.3, 2.7, 2.5, 1.6, 0.6, 0.5, 2, 3.9),
(54, 'Tobias Harris', 'DET', 24, 82, 37, 45, 31.3, 16.1, 6.2, 13, 48.1, 1.3, 3.8, 34.7, 2.3, 2.8, 84.1, 0.8, 4.3, 5.1, 1.7, 1.2, 0.7, 0.5, 1.6, 0),
(55, 'Victor Oladipo', 'OKC', 25, 67, 39, 28, 33.2, 15.9, 6.1, 13.9, 44.2, 1.9, 5.3, 36.1, 1.7, 2.3, 75.3, 0.6, 3.8, 4.3, 2.6, 1.8, 1.2, 0.3, 2.3, 2.6),
(56, 'Dion Waiters', 'MIA', 25, 46, 27, 19, 30.1, 15.8, 6.1, 14.4, 42.4, 1.8, 4.7, 39.5, 1.8, 2.8, 64.6, 0.4, 2.9, 3.3, 4.3, 2.2, 0.9, 0.4, 2.1, 1.8),
(57, 'Avery Bradley', 'BOS', 26, 55, 34, 21, 33.4, 16.3, 6.5, 14.1, 46.3, 2, 5, 39, 1.2, 1.7, 73.1, 1.2, 4.9, 6.1, 2.2, 1.6, 1.2, 0.2, 2.6, 1.3),
(58, 'Wilson Chandler', 'DEN', 30, 71, 35, 36, 30.9, 15.7, 6.1, 13.2, 46.1, 1.5, 4.6, 33.7, 2, 2.7, 72.7, 1.5, 5, 6.5, 2, 1.6, 0.7, 0.4, 2.4, -0.5),
(59, 'DAngelo Russell', 'LAL', 21, 63, 21, 42, 28.7, 15.6, 5.6, 13.8, 40.5, 2.1, 6.1, 35.2, 2.3, 3, 78.2, 0.5, 3, 3.5, 4.8, 2.8, 1.4, 0.3, 2.1, -5.7),
(60, 'Jrue Holiday', 'NOP', 27, 67, 32, 35, 32.7, 15.4, 6, 13.3, 45.4, 1.5, 4.2, 35.6, 1.8, 2.5, 70.8, 0.7, 3.3, 3.9, 7.3, 2.9, 1.5, 0.7, 2, 0.6),
(61, 'Jeff Teague', 'IND', 29, 82, 42, 40, 32.4, 15.3, 4.9, 11.1, 44.2, 1.1, 3.1, 35.7, 4.4, 5.1, 86.7, 0.4, 3.6, 4, 7.8, 2.6, 1.2, 0.4, 2, 0.6),
(62, 'Nicolas Batum', 'CHA', 28, 77, 35, 42, 34, 15.1, 5.1, 12.7, 40.3, 1.8, 5.3, 33.3, 3.2, 3.7, 85.6, 0.6, 5.6, 6.2, 5.9, 2.5, 1.1, 0.4, 1.4, 0.9),
(63, 'JJ Redick', 'LAC', 33, 78, 50, 28, 28.2, 15, 5.1, 11.4, 44.5, 2.6, 6, 42.9, 2.3, 2.6, 89.1, 0.1, 2.1, 2.2, 1.4, 1.3, 0.7, 0.2, 1.6, 6),
(64, 'Gary Harris', 'DEN', 22, 57, 29, 28, 31.3, 14.9, 5.6, 11.2, 50.2, 1.9, 4.5, 42, 1.8, 2.4, 77.6, 0.8, 2.3, 3.1, 2.9, 1.3, 1.2, 0.1, 1.6, 1.4),
(65, 'Serge Ibaka', 'TOR', 27, 79, 37, 42, 30.7, 14.8, 6, 12.4, 48, 1.6, 4, 39.1, 1.4, 1.6, 85.6, 1.6, 5.2, 6.8, 0.9, 1.3, 1.5, 1.6, 2.7, -1.8),
(66, 'Jordan Clarkson', 'LAL', 25, 82, 26, 56, 29.2, 14.7, 5.8, 13.1, 44.5, 1.4, 4.3, 32.9, 1.6, 2, 79.8, 0.6, 2.4, 3, 2.6, 2, 1.1, 0.1, 1.8, -5.1),
(67, 'Khris Middleton', 'MIL', 25, 29, 19, 10, 30.7, 14.7, 5.2, 11.5, 45, 1.6, 3.6, 43.3, 2.8, 3.2, 88, 0.4, 3.9, 4.2, 3.4, 2.2, 1.4, 0.2, 2.7, 3.1),
(68, 'Nikola Vucevic', 'ORL', 26, 75, 27, 48, 38.8, 14.6, 6.4, 13.7, 46.8, 0.3, 1, 30.7, 1.4, 2.1, 66.9, 2.3, 8, 10.4, 2.8, 1.6, 1, 1, 2.4, -1.9),
(69, 'Jeremy Lin', 'BKN', 28, 36, 13, 23, 24.5, 14.5, 4.9, 11.1, 43.8, 1.6, 4.3, 37.2, 3.2, 3.9, 81.6, 0.3, 3.4, 3.8, 5.1, 2.4, 1.2, 0.4, 2.2, -2.3),
(70, 'Myles Turner', 'IND', 21, 81, 42, 39, 31.4, 14.5, 5.5, 10.7, 51.5, 0.5, 1.4, 34.8, 3, 3.7, 80.9, 1.7, 5.6, 7.3, 1.3, 1.3, 0.9, 2.1, 3.2, 1.8),
(71, 'Tim Haradway Jr.', 'ATL', 25, 79, 42, 37, 27.3, 14.5, 5.3, 11.5, 45.5, 1.9, 5.3, 35.7, 2.1, 2.7, 76.6, 0.4, 2.4, 2.8, 2.3, 1.3, 0.7, 0.2, 1.3, 2),
(72, 'Reggie Jackson', 'DET', 27, 52, 23, 29, 27.4, 14.5, 5.5, 13, 41.9, 1.3, 3.5, 35.9, 2.3, 2.6, 86.6, 0.4, 1.8, 2.2, 5.2, 2.2, 0.7, 0.1, 2.5, -4.3),
(73, 'TJ Warren', 'PHX', 23, 66, 20, 46, 31, 14.4, 6.1, 12.3, 49.5, 0.4, 1.5, 26.5, 1.8, 2.3, 77.3, 1.9, 3.2, 5.1, 1.1, 0.9, 1.2, 0.6, 2.7, -4.3),
(74, 'Enes Kanter', 'OKC', 25, 72, 43, 29, 21.3, 14.3, 5.6, 10.2, 54.5, 0.1, 0.5, 13.2, 3.1, 4, 78.6, 2.7, 4, 6.7, 0.9, 1.7, 0.4, 0.5, 2.1, 0.8),
(75, 'Dirk Nowitzki', 'DAL', 39, 54, 23, 31, 26.4, 14.2, 5.5, 12.6, 43.7, 1.5, 3.9, 37.8, 1.8, 2.1, 87.5, 0.4, 6.1, 6.5, 1.5, 0.9, 0.6, 0.7, 2.1, -0.3),
(76, 'Zach Randolph', 'MEM', 35, 73, 38, 35, 24.5, 14.1, 5.9, 13.2, 44.9, 0.3, 1.3, 22.3, 1.9, 2.6, 73.1, 2.5, 5.7, 8.2, 1.7, 1.4, 0.5, 0.1, 1.9, 1),
(77, 'Jordan Crawford', 'NOP', 28, 19, 9, 10, 23.3, 14.1, 5.5, 11.5, 48.2, 1.9, 5, 38.9, 1.1, 1.4, 76.9, 0.2, 1.6, 1.8, 3, 1.3, 0.6, 0.1, 1.6, 0.9),
(78, 'Rudy Gobert', 'UTA', 25, 81, 51, 30, 33.9, 14, 5.1, 7.7, 66.1, 0, 0, 0, 3.8, 5.9, 65.3, 3.9, 8.9, 12.8, 1.2, 1.8, 0.6, 2.6, 3, 5.4),
(79, 'Al Horford', 'BOS', 31, 68, 46, 22, 32.3, 14, 5.6, 11.8, 47.3, 1.3, 3.6, 35.5, 1.6, 2, 80, 1.4, 5.4, 6.8, 5, 1.7, 0.8, 1.3, 2, 3.2),
(80, 'Marcus Morris', 'DET', 27, 79, 36, 43, 32.5, 14, 5.3, 12.7, 41.8, 1.5, 4.5, 33.1, 1.8, 2.3, 78.4, 1, 3.7, 4.6, 2, 1.1, 0.7, 0.3, 2.1, -1.3),
(81, 'Markieff Morris', 'WAS', 27, 76, 45, 31, 31.2, 14, 5.3, 11.7, 45.7, 0.9, 2.6, 36.2, 2.4, 2.8, 83.7, 1.4, 5.1, 6.5, 1.7, 1.7, 1.1, 0.6, 3.3, 2.4),
(82, 'Jae Crowder', 'BOS', 26, 72, 48, 24, 32.4, 13.9, 4.6, 10, 46.3, 2.2, 5.5, 39.8, 2.4, 3, 81.1, 0.7, 5.1, 5.8, 2.2, 1.1, 1, 0.3, 2.2, 4.8),
(83, 'Kentavious Caldwell-Pope', 'DET', 24, 76, 33, 43, 33.3, 13.8, 4.9, 12.2, 39.9, 2, 5.8, 35, 2, 2.4, 83.2, 0.7, 2.5, 3.3, 2.5, 1.1, 1.2, 0.2, 1.6, -2),
(84, 'Bojan Bogdanovic', 'WAS', 28, 81, 23, 58, 25.7, 13.7, 4.6, 10.4, 44.5, 1.8, 4.8, 36.7, 2.7, 3, 89.3, 0.5, 3, 3.4, 1.4, 1.6, 0.4, 0.1, 1.8, -3.2),
(85, 'Tyler Johnson', 'MIA', 25, 73, 35, 38, 29.8, 13.7, 4.9, 11.3, 43.3, 1.3, 3.4, 37.2, 2.7, 3.5, 76.8, 0.7, 3.3, 4, 3.2, 1.2, 1.2, 0.6, 2.4, 0.5),
(86, 'Will Barton', 'DEN', 26, 60, 31, 29, 28.4, 13.7, 4.9, 11.1, 44.3, 1.5, 3.9, 37, 2.4, 3.2, 75.3, 1, 3.4, 4.3, 3.4, 1.6, 0.8, 0.5, 1.8, -1.3),
(87, 'Andre Drummond', 'DET', 23, 81, 36, 45, 29.7, 13.6, 6, 11.2, 53, 0, 0.1, 28.6, 1.7, 4.4, 38.6, 4.3, 9.5, 13.8, 1.1, 1.9, 1.5, 1.1, 2.9, -3.4),
(88, 'Ryan Anderson', 'HOU', 29, 72, 50, 22, 29.4, 13.6, 4.5, 10.7, 41.8, 2.8, 7, 40.3, 1.8, 2.1, 86, 1.6, 3, 4.6, 0.9, 0.8, 0.4, 0.2, 2, 5.7),
(89, 'Dwight Howard', 'ATL', 31, 74, 37, 37, 29.7, 13.5, 5.2, 8.3, 63.3, 0, 0, 0, 3.1, 5.7, 53.3, 4, 8.7, 12.7, 1.4, 2.3, 0.9, 1.2, 2.7, -1.5),
(90, 'Wesley Matthews', 'DAL', 30, 73, 29, 44, 34.2, 13.5, 4.6, 11.6, 39.3, 2.4, 6.6, 36.3, 2, 2.5, 81.6, 0.2, 3.3, 3.5, 2.9, 1.4, 1.1, 0.2, 2.2, -2.7),
(91, 'Otto Porter Jr.', 'WAS', 24, 80, 48, 32, 32.6, 13.4, 5.2, 10, 51.6, 1.9, 4.3, 43.4, 1.2, 1.5, 83.2, 1.5, 5, 6.4, 1.5, 0.6, 1.5, 0.5, 2.4, 2.4),
(92, 'Darren Collison', 'SAC', 29, 68, 26, 42, 30.3, 13.2, 5, 10.5, 47.6, 1.1, 2.6, 41.7, 2.2, 2.5, 86, 0.3, 1.9, 2.2, 4.6, 1.7, 1, 0.1, 1.8, -1.9),
(93, 'Nick Young', 'LAL', 32, 60, 19, 41, 25.9, 13.2, 4.5, 10.6, 43, 2.8, 7, 40.4, 1.3, 1.5, 85.6, 0.4, 1.9, 2.3, 1, 0.6, 0.6, 0.2, 2.3, -3.5),
(94, 'Julius Randle', 'LAL', 22, 74, 24, 50, 28.8, 13.2, 5.1, 10.4, 48.8, 0.2, 0.9, 27, 2.8, 3.8, 72.3, 2, 6.6, 8.6, 3.6, 2.3, 0.7, 0.5, 3.4, -6.1),
(95, 'Sean Kilpatrick', 'BKN', 27, 70, 14, 56, 25.1, 13.1, 4.4, 10.5, 41.5, 1.5, 4.4, 34.1, 2.9, 3.5, 84.3, 0.3, 3.7, 4, 2.2, 1.9, 0.6, 0.1, 1.7, -3.2),
(96, 'Ersan Ilyasova', 'ATL', 30, 82, 35, 47, 26.1, 13.1, 4.7, 10.9, 43.1, 1.7, 4.9, 35.3, 2, 2.5, 77.8, 1.4, 4.5, 5.9, 1.7, 1.4, 0.7, 0.3, 2.6, -0.4),
(97, 'Robert Covington', 'PHI', 26, 67, 27, 40, 31.6, 12.9, 4.4, 10.9, 39.9, 2, 6.1, 33.3, 2.1, 2.6, 88.2, 1.4, 5.1, 6.5, 1.5, 2, 1.9, 1, 3, -2.3),
(98, 'Dario Saric', 'PHI', 23, 81, 28, 53, 26.3, 12.8, 4.7, 11.4, 41.1, 1.3, 4.2, 31.1, 2.1, 2.7, 78.2, 1.4, 5, 6.3, 2.2, 2.3, 0.7, 0.4, 2, -3.8),
(99, 'James Johnson', 'MIA', 30, 76, 40, 36, 27.4, 12.8, 4.8, 10.1, 47.9, 1.1, 3.4, 34.4, 2, 2.8, 70.7, 0.9, 4.1, 4.9, 3.6, 2.3, 1, 1.1, 2.6, 1.8),
(100, 'Seth Curry', 'DAL', 26, 70, 30, 40, 29, 12.8, 4.8, 10, 48.1, 2, 4.6, 42.5, 1.2, 1.4, 85, 0.4, 2.2, 2.6, 2.7, 1.3, 1.1, 0.1, 1.8, -0.5),
(101, 'Elfrid Payton', 'ORL', 23, 82, 29, 53, 29.4, 12.8, 5.2, 11.1, 47.1, 0.5, 1.8, 27.4, 1.8, 2.6, 69.2, 1.1, 3.6, 4.7, 6.5, 2.2, 1.1, 0.5, 2.2, -1.8),
(102, 'Aaron Gordon', 'ORL', 21, 80, 29, 51, 28.7, 12.7, 4.9, 10.8, 45.4, 1, 3.3, 28.8, 2, 2.7, 71.9, 1.5, 3.6, 5.1, 1.9, 1.1, 0.8, 0.5, 2.2, -2),
(103, 'DeAndre Jordan', 'LAC', 28, 81, 51, 30, 31.7, 12.7, 5.1, 7.1, 71.4, 0, 0, 0, 2.5, 5.2, 48.2, 3.7, 10.1, 13.8, 1.2, 1.4, 0.6, 1.7, 2.6, 5.7),
(104, 'Rodney Hood', 'UTA', 24, 59, 40, 19, 27, 12.7, 4.6, 11.3, 40.8, 1.9, 5.2, 37.1, 1.5, 1.9, 78.3, 0.3, 3.2, 3.4, 1.6, 1.1, 0.6, 0.2, 2.2, 1.8),
(105, 'Clint Capela', 'HOU', 23, 65, 44, 21, 23.9, 12.6, 5.6, 8.7, 64.3, 0, 0, 0, 1.4, 2.7, 53.1, 2.7, 5.4, 8.1, 1, 1.3, 0.5, 1.2, 2.8, 3.3),
(106, 'Pau Gasol', 'SAS', 36, 64, 47, 17, 25.4, 12.4, 4.7, 9.4, 50.2, 0.9, 1.6, 53.8, 2, 2.9, 70.7, 1.7, 6.2, 7.8, 2.3, 1.3, 0.4, 1.1, 1.7, 3.5),
(107, 'Jamal Crawford', 'LAC', 37, 82, 51, 31, 26.3, 12.3, 4.4, 10.6, 41.3, 1.4, 3.9, 36, 2.1, 2.5, 85.7, 0.2, 1.4, 1.6, 2.6, 1.6, 0.7, 0.2, 1.4, 0.3),
(108, 'Austin Rivers', 'LAC', 24, 74, 43, 31, 27.8, 12, 4.4, 9.9, 44.2, 1.5, 4, 37.1, 1.8, 2.6, 69.1, 0.3, 1.9, 2.2, 2.8, 1.6, 0.6, 0.1, 2.5, 0),
(109, 'Jonas Valanciunas', 'TOR', 25, 80, 50, 30, 25.8, 12, 4.9, 8.8, 55.7, 0, 0, 50, 2.2, 2.7, 81.1, 2.8, 6.7, 9.5, 0.7, 1.3, 0.5, 0.8, 2.7, 1.4),
(110, 'Jahil Okafor', 'PHI', 21, 50, 15, 35, 22.7, 11.8, 4.8, 9.4, 51.4, 0, 0, 0, 2.1, 3.2, 67.1, 1.6, 3.2, 4.8, 1.2, 1.8, 0.4, 1, 2.4, -6.4),
(111, 'Greg Monroe', 'MIL', 27, 81, 42, 39, 22.5, 11.7, 4.8, 9, 53.3, 0, 0, 0, 2.2, 3, 74.1, 2.1, 4.5, 6.6, 2.3, 1.7, 1.1, 0.5, 2.1, 1.7),
(112, 'Trevor Ariza', 'HOU', 32, 80, 53, 27, 34.7, 11.7, 4.1, 10, 40.9, 2.4, 6.9, 34.4, 1.2, 1.6, 73.8, 0.7, 5.1, 5.7, 2.2, 0.9, 1.8, 0.3, 1.7, 4.6),
(113, 'Frank Kaminsky', 'CHA', 24, 75, 31, 44, 26.1, 11.7, 4.3, 10.7, 39.9, 1.5, 4.7, 32.8, 1.6, 2.1, 75.6, 0.8, 3.7, 4.5, 2.2, 1, 0.6, 0.5, 1.9, 0.6),
(114, 'Steven Adams', 'OKC', 23, 80, 47, 33, 29.9, 11.3, 4.7, 8.2, 57.1, 0, 0, 0, 2, 3.2, 61.1, 3.5, 4.2, 7.7, 1.1, 1.8, 1.1, 1, 2.4, 2.4),
(115, 'Marvin Williams', 'CHA', 31, 76, 32, 44, 30.2, 11.2, 3.9, 9.3, 42.2, 1.6, 4.7, 35, 1.7, 2, 87.3, 1.2, 5.4, 6.6, 1.4, 0.8, 0.8, 0.7, 1.8, -0.4),
(116, 'Ricky Rubio', 'MIN', 26, 75, 28, 47, 32.9, 11.1, 3.5, 8.7, 40.2, 0.8, 2.6, 30.6, 3.4, 3.8, 89.1, 0.9, 3.2, 4.1, 9.1, 2.6, 1.7, 0.1, 2.7, -0.1),
(117, 'Brandon Knight', 'PHX', 25, 54, 16, 38, 21.1, 11, 3.9, 9.7, 39.8, 0.8, 2.6, 32.4, 2.4, 2.9, 85.7, 0.5, 1.7, 2.2, 2.4, 1.6, 0.5, 0.1, 1.6, -6.1),
(118, 'Jerryd Bayless', 'PHI', 28, 3, 1, 2, 23.8, 11, 3.7, 10.7, 34.4, 0.7, 1.7, 40, 3, 3.3, 90, 1, 3, 4, 4.3, 3, 0, 0, 1.3, -7),
(119, 'Terrence Ross', 'ORL', 26, 78, 39, 39, 25.1, 11, 4.2, 9.6, 43.7, 1.8, 5, 36.3, 0.8, 1, 83.1, 0.2, 2.4, 2.6, 1.1, 0.9, 1.1, 0.4, 1.8, 1.6),
(120, 'Thaddeus Young', 'IND', 29, 74, 40, 34, 30.2, 11, 4.9, 9.3, 52.7, 0.6, 1.6, 38.1, 0.6, 1.2, 52.3, 1.8, 4.3, 6.1, 1.6, 1.3, 1.5, 0.4, 1.8, 0.9),
(121, 'Kent Bazemore', 'ATL', 27, 73, 39, 34, 26.9, 11, 4, 9.9, 40.9, 1.3, 3.6, 34.6, 1.6, 2.3, 70.8, 0.6, 2.5, 3.2, 2.4, 1.7, 1.2, 0.7, 2.3, -1.5),
(122, 'Emmanuel Mudiay', 'DEN', 21, 55, 25, 30, 25.6, 11, 3.8, 10, 37.7, 1, 3.2, 31.5, 2.4, 3, 78.4, 0.5, 2.7, 3.2, 3.9, 2.2, 0.7, 0.2, 1.7, -2.4),
(123, 'Deron Williams', 'CLE', 33, 64, 25, 39, 25.9, 11, 4.1, 9.4, 43.8, 1.3, 3.7, 36.3, 1.4, 1.7, 82.6, 0.2, 2.1, 2.3, 5.6, 2.2, 0.5, 0.1, 2.2, -1.4),
(124, 'Justice Winslow', 'MIA', 21, 18, 4, 14, 34.7, 10.9, 4.4, 12.5, 35.6, 0.4, 1.9, 20, 1.6, 2.6, 61.7, 1.3, 3.9, 5.2, 3.7, 1.8, 1.4, 0.3, 2.9, -0.3),
(125, 'J.J. Barea', 'DAL', 33, 35, 11, 24, 22, 10.9, 4.1, 9.8, 41.4, 1.5, 4.2, 35.8, 1.3, 1.5, 86.3, 0.3, 2.1, 2.4, 5.5, 1.8, 0.4, 0, 0.9, 0.3),
(126, 'Taj Gibson', 'OKC', 32, 78, 41, 37, 25.5, 10.8, 4.7, 9.1, 51.5, 0, 0.2, 23.1, 1.4, 2, 71.5, 2, 4.2, 6.2, 0.9, 1.3, 0.5, 0.8, 2.1, 0),
(127, 'Courtney Lee', 'NYK', 31, 77, 29, 48, 31.9, 10.8, 4.2, 9.1, 45.6, 1.4, 3.5, 40.1, 1.1, 1.3, 86.7, 0.7, 2.7, 3.4, 2.3, 0.9, 1.1, 0.3, 1.8, -3),
(128, 'Terrence Jones', 'MIL', 25, 54, 20, 34, 23.5, 10.8, 4.3, 9.1, 47, 0.4, 1.4, 25.3, 1.9, 3.1, 60.6, 1.2, 4.5, 5.7, 1.1, 0.9, 0.7, 1, 1.2, -1.1),
(129, 'Marcin Gortat', 'WAS', 33, 82, 49, 33, 31.2, 10.8, 4.8, 8.2, 57.9, 0, 0, 0, 1.3, 1.9, 64.8, 2.9, 7.5, 10.4, 1.5, 1.5, 0.5, 0.7, 2.6, 2.5),
(130, 'CJ Miles', 'IND', 30, 76, 39, 37, 23.4, 10.7, 3.7, 8.5, 43.4, 2.2, 5.4, 41.3, 1.1, 1.2, 90.3, 0.4, 2.6, 3, 0.6, 0.5, 0.6, 0.3, 2, 0.9),
(131, 'Allen Crabbe', 'POR', 25, 79, 39, 40, 28.5, 10.7, 3.8, 8.2, 46.8, 1.7, 3.8, 44.4, 1.3, 1.6, 84.7, 0.2, 2.6, 2.9, 1.2, 0.8, 0.7, 0.3, 2.2, -1.5),
(132, 'Alex Poythress', 'PHI', 23, 6, 0, 6, 26.1, 10.7, 4.2, 9, 46.3, 1, 3.2, 31.6, 1.3, 1.7, 80, 1.8, 3, 4.8, 0.8, 0.5, 0.5, 0.3, 2.3, -6),
(133, 'Niokla Mirotic', 'CHI', 26, 70, 37, 33, 24, 10.6, 3.7, 8.9, 41.3, 1.8, 5.4, 34.2, 1.4, 1.8, 77.3, 0.9, 4.6, 5.5, 1.1, 1.1, 0.8, 0.8, 1.8, 2.8),
(134, 'Marcus Smart', 'BOS', 23, 79, 51, 28, 30.4, 10.6, 3.4, 9.5, 35.9, 1.2, 4.2, 28.3, 2.6, 3.2, 81.2, 1, 2.9, 3.9, 4.6, 2, 1.6, 0.4, 2.4, 1.6),
(135, 'Buddy Hield', 'SAC', 23, 82, 31, 51, 23, 10.6, 4, 9.4, 42.6, 1.8, 4.6, 39.1, 0.8, 0.9, 84.2, 0.4, 2.9, 3.3, 1.5, 1.2, 0.5, 0.1, 1.4, -2.6),
(136, 'Marco Belinelli', 'CHA', 31, 74, 34, 40, 24, 10.5, 3.6, 8.3, 42.9, 1.4, 3.8, 36, 2, 2.3, 89.3, 0.2, 2.2, 2.4, 2, 0.9, 0.6, 0.1, 1.2, 0.6),
(137, 'Wayne Ellington', 'MIA', 29, 62, 35, 27, 24.2, 10.5, 3.7, 9, 41.6, 2.4, 6.4, 37.8, 0.6, 0.7, 86, 0.3, 1.8, 2.1, 1.1, 0.5, 0.6, 0.1, 1.1, 1.4),
(138, 'Mason Plumlee', 'DEN', 27, 81, 38, 43, 26.5, 10.4, 4.1, 7.7, 53.6, 0, 0.1, 0, 2.1, 3.7, 58, 2.1, 5.4, 7.5, 3.5, 1.7, 0.9, 1.1, 2.8, 0),
(139, 'Robin Lopez', 'CHI', 29, 81, 40, 41, 28, 10.4, 4.7, 9.6, 49.3, 0, 0, 0, 0.9, 1.3, 72.1, 3, 3.4, 6.4, 1, 1.1, 0.2, 1.4, 1.9, 0.9),
(140, 'Cody Zeller', 'CHA', 24, 62, 33, 29, 27.8, 10.3, 4.1, 7.1, 57.1, 0, 0, 0, 2.1, 3.2, 67.9, 2.2, 4.4, 6.5, 1.6, 1, 1, 0.9, 3, 3.4),
(141, 'Tyreke Evans', 'SAC', 27, 40, 17, 23, 19.7, 10.3, 3.8, 9.3, 40.5, 1.1, 3, 35.6, 1.7, 2.3, 75, 0.3, 3.1, 3.4, 3.1, 1.5, 0.9, 0.2, 1.5, -3.8),
(142, 'Jon Leuer', 'DET', 28, 75, 34, 41, 25.9, 10.2, 4.1, 8.6, 48, 0.7, 2.2, 29.3, 1.3, 1.5, 86.7, 1.4, 4, 5.4, 1.5, 0.9, 0.4, 0.3, 1.9, -1),
(143, 'Malcolm Brogdon', 'MIL', 24, 75, 38, 37, 26.4, 10.2, 3.9, 8.5, 45.7, 1, 2.6, 40.4, 1.5, 1.7, 86.5, 0.6, 2.2, 2.8, 4.2, 1.5, 1.1, 0.2, 1.9, 1.2),
(144, 'Draymond Green', 'GSW', 27, 76, 62, 14, 32.5, 10.2, 3.6, 8.6, 41.8, 1.1, 3.5, 30.8, 2, 2.8, 70.9, 1.3, 6.6, 7.9, 7, 2.4, 2, 1.4, 2.9, 10.8),
(145, 'Jusef Nurkic', 'POR', 22, 65, 34, 31, 24.1, 10.2, 4.2, 8.2, 50.7, 0, 0, 0, 1.8, 3.2, 57.1, 2.4, 4.8, 7.2, 1.9, 2.2, 0.8, 1.1, 2.5, -0.8),
(146, 'Josh Richardson', 'MIA', 23, 53, 23, 30, 30.5, 10.2, 3.8, 9.7, 39.4, 1.4, 4.3, 33, 1.1, 1.5, 77.9, 0.7, 2.5, 3.2, 2.6, 1.2, 1.1, 0.7, 2.5, 0.1),
(147, 'Tony Parker', 'SAS', 35, 63, 46, 17, 25.2, 10.1, 4.2, 9, 46.6, 0.4, 1.1, 33.3, 1.3, 1.9, 72.6, 0.1, 1.7, 1.8, 4.5, 1.4, 0.5, 0, 1.5, 2.8),
(148, 'Kyle Korver', 'CLE', 36, 67, 33, 34, 26.2, 10.1, 3.6, 7.7, 46.4, 2.4, 5.4, 45.1, 0.6, 0.6, 90.5, 0.1, 2.7, 2.8, 1.6, 1, 0.5, 0.3, 1.6, -2.5),
(149, 'Yogi Ferrell', 'DAL', 24, 46, 18, 28, 26, 10, 3.5, 8.6, 40.6, 1.5, 3.8, 38.6, 1.6, 1.9, 83.1, 0.4, 2, 2.4, 3.7, 1.5, 0.9, 0.2, 2, -2.6),
(150, 'Maurice Harkless', 'POR', 24, 77, 38, 39, 28.9, 10, 4.1, 8.1, 50.3, 0.9, 2.5, 35.1, 1, 1.6, 62.1, 1.6, 2.8, 4.4, 1.1, 1.1, 1.1, 0.9, 2.8, 0.6),
(151, 'Trevor Booker', 'BKN', 29, 71, 18, 53, 24.7, 10, 4.3, 8.3, 51.6, 0.4, 1.1, 32.1, 1, 1.5, 67.3, 2, 6, 8, 1.9, 1.8, 1.1, 0.4, 2.1, -4.7),
(152, 'Gorgui Dieng', 'MIN', 27, 82, 31, 51, 32.4, 10, 4, 8.1, 50.2, 0.2, 0.5, 37.2, 1.7, 2, 81.4, 2.3, 5.6, 7.9, 1.9, 1.3, 1.1, 1.2, 3.1, 0.4),
(153, 'Shabazz Muhammad', 'MIN', 24, 78, 29, 49, 19.4, 9.9, 3.7, 7.7, 48.2, 0.6, 1.9, 33.8, 1.9, 2.4, 77.4, 1.1, 1.7, 2.8, 0.4, 0.7, 0.3, 0.1, 1.1, -1),
(154, 'Jamal Murray', 'DEN', 20, 82, 40, 42, 21.5, 9.9, 3.6, 8.9, 40.4, 1.4, 4.2, 33.4, 1.3, 1.5, 88.3, 0.5, 2.1, 2.6, 2.1, 1.4, 0.6, 0.3, 1.5, 0.9),
(155, 'Ty Lawson', 'SAC', 29, 69, 25, 44, 25.1, 9.9, 3.4, 7.6, 45.4, 0.5, 1.7, 28.8, 2.5, 3.1, 79.7, 0.6, 2, 2.6, 4.8, 1.9, 1.1, 0.1, 1.7, -2.3),
(156, 'Richaun Holmes', 'PHI', 23, 57, 16, 41, 20.9, 9.8, 4, 7.2, 55.8, 0.5, 1.4, 35.1, 1.3, 1.8, 69.9, 1.6, 3.8, 5.5, 1, 1, 0.7, 1, 2.4, -4),
(157, 'Jeremy Lamb', 'CHA', 25, 62, 27, 35, 18.4, 9.7, 3.6, 7.9, 46, 0.7, 2.4, 28.1, 1.8, 2.1, 85.3, 0.5, 3.8, 4.3, 1.2, 0.6, 0.4, 0.4, 1.6, -0.6),
(158, 'Kenneth Faried', 'DEN', 27, 61, 29, 32, 21.2, 9.6, 3.7, 6.8, 54.8, 0, 0.1, 0, 2.1, 3.1, 69.3, 3, 4.6, 7.6, 0.9, 1, 0.7, 0.7, 2, -1),
(159, 'ETwaun Moore', 'NOP', 28, 73, 32, 41, 24.9, 9.6, 3.9, 8.5, 45.7, 1.1, 2.8, 37, 0.8, 1, 77, 0.5, 1.6, 2.1, 2.2, 0.8, 0.7, 0.4, 1.8, -1.5),
(160, 'Patrick Beverley', 'HOU', 28, 67, 46, 21, 30.7, 9.5, 3.4, 8.1, 42, 1.6, 4.3, 38.2, 1.1, 1.4, 76.8, 1.4, 4.4, 5.9, 4.2, 1.5, 1.5, 0.4, 3.3, 5.3),
(161, 'Derrick Favors', 'UTA', 25, 50, 33, 17, 23.7, 9.5, 4.1, 8.3, 48.7, 0.1, 0.2, 30, 1.3, 2.2, 61.5, 1.8, 4.3, 6.1, 1.1, 1.2, 0.9, 0.8, 2.1, 1.1);

-- --------------------------------------------------------

--
-- Table structure for table `teams`
--

CREATE TABLE `teams` (
  `ID` int(8) NOT NULL,
  `name` varchar(32) NOT NULL,
  `wins` int(8) NOT NULL,
  `losses` int(8) NOT NULL,
  `w_pct` float NOT NULL,
  `efg_pct` float NOT NULL,
  `off_rating` float NOT NULL,
  `def_rating` float NOT NULL,
  `ast_pct` float NOT NULL,
  `ast_to` float NOT NULL
) ENGINE=InnoDB DEFAULT CHARSET=latin1;

--
-- Dumping data for table `teams`
--

INSERT INTO `teams` (`ID`, `name`, `wins`, `losses`, `w_pct`, `efg_pct`, `off_rating`, `def_rating`, `ast_pct`, `ast_to`) VALUES
(1, 'Atlanta Hawks', 43, 39, 0.524, 0.504, 102.3, 103.1, 0.621, 1.5),
(2, 'Boston Celtics', 53, 29, 0.646, 0.525, 108.6, 105.5, 0.653, 1.9),
(3, 'Brooklyn Nets', 20, 62, 0.244, 0.507, 101.9, 108, 0.566, 1.29),
(4, 'Charlotte Hornets', 36, 46, 0.439, 0.501, 106.4, 106.1, 0.611, 2.01),
(5, 'Chicago Bulls', 41, 41, 0.524, 0.487, 104.6, 104.5, 0.584, 1.66),
(6, 'Cleveland Cavaliers', 51, 31, 0.622, 0.547, 110.9, 108, 0.567, 1.66),
(7, 'Dallas Mavericks', 33, 49, 0.402, 0.505, 103.7, 106.3, 0.574, 1.75),
(8, 'Denver Nuggets', 40, 42, 0.488, 0.53, 110, 110.5, 0.615, 1.69),
(9, 'Detroit Pistons', 37, 45, 0.451, 0.492, 103.3, 105.3, 0.53, 1.78),
(10, 'Golden State Warriors', 67, 15, 0.817, 0.563, 113.2, 101.1, 0.705, 2.06),
(11, 'Houston Rockets', 55, 27, 0.671, 0.545, 111.8, 106.4, 0.626, 1.67),
(12, 'Indiana Pacers', 42, 40, 0.512, 0.516, 106.2, 106.3, 0.572, 1.63),
(13, 'LA Clippers', 51, 31, 0.622, 0.537, 110.3, 105.8, 0.57, 1.74),
(14, 'Los Angeles Lakers', 26, 56, 0.317, 0.501, 103.4, 110.6, 0.532, 1.38),
(15, 'Memphis Grizzlies', 43, 39, 0.524, 0.491, 104.7, 104.5, 0.584, 1.65),
(16, 'Miami Heat', 41, 41, 0.5, 0.512, 105.2, 104.1, 0.544, 1.58),
(17, 'Milwaukee Bucks', 42, 40, 0.512, 0.527, 106.9, 106.4, 0.624, 1.73),
(18, 'Minnesota Timberwolves', 31, 51, 0.378, 0.511, 108.1, 109.1, 0.6, 1.69),
(19, 'New Orleans Pelicans', 34, 48, 0.415, 0.504, 103.3, 104.9, 0.582, 1.77),
(20, 'New York Knicks', 31, 51, 0.378, 0.496, 104.7, 108.7, 0.551, 1.57),
(21, 'Oklahoma City Thunder', 47, 35, 0.573, 0.5, 105, 105.1, 0.532, 1.4),
(22, 'Orlando Magic', 29, 53, 0.353, 0.489, 101.2, 108, 0.58, 1.67),
(23, 'Philadelphia 76ers', 28, 54, 0.341, 0.501, 100.7, 106.4, 0.631, 1.43),
(24, 'Phoenix Suns', 24, 58, 0.293, 0.493, 103.9, 109.3, 0.491, 1.27),
(25, 'Portland Trail Blazers', 41, 41, 0.5, 0.52, 107.8, 107.8, 0.534, 1.54),
(26, 'Sacramento Kings', 32, 50, 0.39, 0.516, 104.6, 109.1, 0.594, 1.54),
(27, 'San Antonio Spurs', 61, 21, 0.744, 0.524, 108.8, 100.9, 0.606, 1.77),
(28, 'Toronto Raptors', 51, 31, 0.622, 0.517, 109.8, 104.9, 0.472, 1.46),
(29, 'Utah Jazz', 51, 31, 0.622, 0.526, 107.4, 102.7, 0.544, 1.48),
(30, 'Washington Wizards', 49, 33, 0.598, 0.528, 108.5, 106.9, 0.577, 1.68);

--
-- Indexes for dumped tables
--

--
-- Indexes for table `players`
--
ALTER TABLE `players`
  ADD PRIMARY KEY (`id`);

--
-- AUTO_INCREMENT for dumped tables
--

--
-- AUTO_INCREMENT for table `players`
--
ALTER TABLE `players`
  MODIFY `id` int(11) NOT NULL AUTO_INCREMENT, AUTO_INCREMENT=162;
COMMIT;

/*!40101 SET CHARACTER_SET_CLIENT=@OLD_CHARACTER_SET_CLIENT */;
/*!40101 SET CHARACTER_SET_RESULTS=@OLD_CHARACTER_SET_RESULTS */;
/*!40101 SET COLLATION_CONNECTION=@OLD_COLLATION_CONNECTION */;
